date,fng_value,fng_label,timestamp,fng_lag_0,fng_lag_1,fng_lag_3,fng_lag_7,fng_lag_14
2023-03-24,61,Greed,1679616000,61,,,,
2023-03-25,64,Greed,1679702400,64,61.0,,,
2023-03-26,64,Greed,1679788800,64,64.0,,,
2023-03-27,64,Greed,1679875200,64,64.0,61.0,,
2023-03-28,59,Greed,1679961600,59,64.0,64.0,,
2023-03-29,57,Greed,1680048000,57,59.0,64.0,,
2023-03-30,60,Greed,1680134400,60,57.0,64.0,,
2023-03-31,63,Greed,1680220800,63,60.0,59.0,61.0,
2023-04-01,61,Greed,1680307200,61,63.0,57.0,64.0,
2023-04-02,63,Greed,1680393600,63,61.0,60.0,64.0,
2023-04-03,63,Greed,1680480000,63,63.0,63.0,64.0,
2023-04-04,62,Greed,1680566400,62,63.0,61.0,59.0,
2023-04-05,62,Greed,1680652800,62,62.0,63.0,57.0,
2023-04-06,63,Greed,1680739200,63,62.0,63.0,60.0,
2023-04-07,64,Greed,1680825600,64,63.0,62.0,63.0,61.0
2023-04-08,61,Greed,1680912000,61,64.0,62.0,61.0,64.0
2023-04-09,61,Greed,1680998400,61,61.0,63.0,63.0,64.0
2023-04-10,62,Greed,1681084800,62,61.0,64.0,63.0,64.0
2023-04-11,68,Greed,1681171200,68,62.0,61.0,62.0,59.0
2023-04-12,65,Greed,1681257600,65,68.0,61.0,62.0,57.0
2023-04-13,61,Greed,1681344000,61,65.0,62.0,63.0,60.0
2023-04-14,68,Greed,1681430400,68,61.0,68.0,64.0,63.0
2023-04-15,68,Greed,1681516800,68,68.0,65.0,61.0,61.0
2023-04-16,68,Greed,1681603200,68,68.0,61.0,61.0,63.0
2023-04-17,69,Greed,1681689600,69,68.0,68.0,62.0,63.0
2023-04-18,58,Greed,1681776000,58,69.0,68.0,68.0,62.0
2023-04-19,63,Greed,1681862400,63,58.0,68.0,65.0,62.0
2023-04-20,52,Neutral,1681948800,52,63.0,69.0,61.0,63.0
2023-04-21,50,Neutral,1682035200,50,52.0,58.0,68.0,64.0
2023-04-22,53,Neutral,1682121600,53,50.0,63.0,68.0,61.0
2023-04-23,56,Greed,1682208000,56,53.0,52.0,68.0,61.0
2023-04-24,53,Neutral,1682294400,53,56.0,50.0,69.0,62.0
2023-04-25,53,Neutral,1682380800,53,53.0,53.0,58.0,68.0
2023-04-26,56,Greed,1682467200,56,53.0,56.0,63.0,65.0
2023-04-27,59,Greed,1682553600,59,56.0,53.0,52.0,61.0
2023-04-28,64,Greed,1682640000,64,59.0,53.0,50.0,68.0
2023-04-29,64,Greed,1682726400,64,64.0,56.0,53.0,68.0
2023-04-30,60,Greed,1682812800,60,64.0,59.0,56.0,68.0
2023-05-01,63,Greed,1682899200,63,60.0,64.0,53.0,69.0
2023-05-02,55,Greed,1682985600,55,63.0,64.0,53.0,58.0
2023-05-03,64,Greed,1683072000,64,55.0,60.0,56.0,63.0
2023-05-04,64,Greed,1683158400,64,64.0,63.0,59.0,52.0
2023-05-05,61,Greed,1683244800,61,64.0,55.0,64.0,50.0
2023-05-06,60,Greed,1683331200,60,61.0,64.0,64.0,53.0
2023-05-07,64,Greed,1683417600,64,60.0,64.0,60.0,56.0
2023-05-08,60,Greed,1683504000,60,64.0,61.0,63.0,53.0
2023-05-09,51,Neutral,1683590400,51,60.0,60.0,55.0,53.0
2023-05-10,52,Neutral,1683676800,52,51.0,64.0,64.0,56.0
2023-05-11,52,Neutral,1683763200,52,52.0,60.0,64.0,59.0
2023-05-12,49,Neutral,1683849600,49,52.0,51.0,61.0,64.0
2023-05-13,48,Neutral,1683936000,48,49.0,52.0,60.0,64.0
2023-05-14,48,Neutral,1684022400,48,48.0,52.0,64.0,60.0
2023-05-15,50,Neutral,1684108800,50,48.0,49.0,60.0,63.0
2023-05-16,54,Neutral,1684195200,54,50.0,48.0,51.0,55.0
2023-05-17,50,Neutral,1684281600,50,54.0,48.0,52.0,64.0
2023-05-18,51,Neutral,1684368000,51,50.0,50.0,52.0,64.0
2023-05-19,48,Neutral,1684454400,48,51.0,54.0,49.0,61.0
2023-05-20,48,Neutral,1684540800,48,48.0,50.0,48.0,60.0
2023-05-21,52,Neutral,1684627200,52,48.0,51.0,48.0,64.0
2023-05-22,49,Neutral,1684713600,49,52.0,48.0,50.0,60.0
2023-05-23,50,Neutral,1684800000,50,49.0,48.0,54.0,51.0
2023-05-24,50,Neutral,1684886400,50,50.0,52.0,50.0,52.0
2023-05-25,51,Neutral,1684972800,51,50.0,49.0,51.0,52.0
2023-05-26,49,Neutral,1685059200,49,51.0,50.0,48.0,49.0
2023-05-27,48,Neutral,1685145600,48,49.0,50.0,48.0,48.0
2023-05-28,50,Neutral,1685232000,50,48.0,51.0,52.0,48.0
2023-05-29,52,Neutral,1685318400,52,50.0,49.0,49.0,50.0
2023-05-30,51,Neutral,1685404800,51,52.0,48.0,50.0,54.0
2023-05-31,51,Neutral,1685491200,51,51.0,50.0,50.0,50.0
2023-06-01,52,Neutral,1685577600,52,51.0,52.0,51.0,51.0
2023-06-02,50,Neutral,1685664000,50,52.0,51.0,49.0,48.0
2023-06-03,53,Neutral,1685750400,53,50.0,51.0,48.0,48.0
2023-06-04,52,Neutral,1685836800,52,53.0,52.0,50.0,52.0
2023-06-05,53,Neutral,1685923200,53,52.0,50.0,52.0,49.0
2023-06-06,44,Fear,1686009600,44,53.0,53.0,51.0,50.0
2023-06-07,53,Neutral,1686096000,53,44.0,52.0,51.0,50.0
2023-06-08,50,Neutral,1686182400,50,53.0,53.0,52.0,51.0
2023-06-09,50,Neutral,1686268800,50,50.0,44.0,50.0,49.0
2023-06-10,49,Neutral,1686355200,49,50.0,53.0,53.0,48.0
2023-06-11,47,Neutral,1686441600,47,49.0,50.0,52.0,50.0
2023-06-12,47,Neutral,1686528000,47,47.0,50.0,53.0,52.0
2023-06-13,45,Fear,1686614400,45,47.0,49.0,44.0,51.0
2023-06-14,46,Fear,1686700800,46,45.0,47.0,53.0,51.0
2023-06-15,41,Fear,1686787200,41,46.0,47.0,50.0,52.0
2023-06-16,47,Neutral,1686873600,47,41.0,45.0,50.0,50.0
2023-06-17,47,Neutral,1686960000,47,47.0,46.0,49.0,53.0
2023-06-18,49,Neutral,1687046400,49,47.0,41.0,47.0,52.0
2023-06-19,47,Neutral,1687132800,47,49.0,47.0,47.0,53.0
2023-06-20,49,Neutral,1687219200,49,47.0,47.0,45.0,44.0
2023-06-21,59,Greed,1687305600,59,49.0,49.0,46.0,53.0
2023-06-22,65,Greed,1687392000,65,59.0,47.0,41.0,50.0
2023-06-23,65,Greed,1687478400,65,65.0,49.0,47.0,50.0
2023-06-24,62,Greed,1687564800,62,65.0,59.0,47.0,49.0
2023-06-25,64,Greed,1687651200,64,62.0,65.0,49.0,47.0
2023-06-26,55,Greed,1687737600,55,64.0,65.0,47.0,47.0
2023-06-27,59,Greed,1687824000,59,55.0,62.0,49.0,45.0
2023-06-28,62,Greed,1687910400,62,59.0,64.0,59.0,46.0
2023-06-29,54,Neutral,1687996800,54,62.0,55.0,65.0,41.0
2023-06-30,56,Greed,1688083200,56,54.0,59.0,65.0,47.0
2023-07-01,59,Greed,1688169600,59,56.0,62.0,62.0,47.0
2023-07-02,63,Greed,1688256000,63,59.0,54.0,64.0,49.0
2023-07-03,62,Greed,1688342400,62,63.0,56.0,55.0,47.0
2023-07-04,64,Greed,1688428800,64,62.0,59.0,59.0,49.0
2023-07-05,61,Greed,1688515200,61,64.0,63.0,62.0,59.0
2023-07-06,56,Greed,1688601600,56,61.0,62.0,54.0,65.0
2023-07-07,55,Greed,1688688000,55,56.0,64.0,56.0,65.0
2023-07-08,58,Greed,1688774400,58,55.0,61.0,59.0,62.0
2023-07-09,55,Greed,1688860800,55,58.0,56.0,63.0,64.0
2023-07-10,56,Greed,1688947200,56,55.0,55.0,62.0,55.0
2023-07-11,57,Greed,1689033600,57,56.0,58.0,64.0,59.0
2023-07-12,64,Greed,1689120000,64,57.0,55.0,61.0,62.0
2023-07-13,57,Greed,1689206400,57,64.0,56.0,56.0,54.0
2023-07-14,60,Greed,1689292800,60,57.0,57.0,55.0,56.0
2023-07-15,56,Greed,1689379200,56,60.0,64.0,58.0,59.0
2023-07-16,57,Greed,1689465600,57,56.0,57.0,55.0,63.0
2023-07-17,54,Neutral,1689552000,54,57.0,60.0,56.0,62.0
2023-07-18,56,Greed,1689638400,56,54.0,56.0,57.0,64.0
2023-07-19,50,Neutral,1689724800,50,56.0,57.0,64.0,61.0
2023-07-20,56,Greed,1689811200,56,50.0,54.0,57.0,56.0
2023-07-21,50,Neutral,1689897600,50,56.0,56.0,60.0,55.0
2023-07-22,52,Neutral,1689984000,52,50.0,50.0,56.0,58.0
2023-07-23,54,Neutral,1690070400,54,52.0,56.0,57.0,55.0
2023-07-24,55,Greed,1690156800,55,54.0,50.0,54.0,56.0
2023-07-25,50,Neutral,1690243200,50,55.0,52.0,56.0,57.0
2023-07-26,51,Neutral,1690329600,51,50.0,54.0,50.0,64.0
2023-07-27,51,Neutral,1690416000,51,51.0,55.0,56.0,57.0
2023-07-28,52,Neutral,1690502400,52,51.0,50.0,50.0,60.0
2023-07-29,52,Neutral,1690588800,52,52.0,51.0,52.0,56.0
2023-07-30,52,Neutral,1690675200,52,52.0,51.0,54.0,57.0
2023-07-31,50,Neutral,1690761600,50,52.0,52.0,55.0,54.0
2023-08-01,53,Neutral,1690848000,53,50.0,52.0,50.0,56.0
2023-08-02,53,Neutral,1690934400,53,53.0,52.0,51.0,50.0
2023-08-03,52,Neutral,1691020800,52,53.0,50.0,51.0,56.0
2023-08-04,54,Neutral,1691107200,54,52.0,53.0,52.0,50.0
2023-08-05,50,Neutral,1691193600,50,54.0,53.0,52.0,52.0
2023-08-06,49,Neutral,1691280000,49,50.0,52.0,52.0,54.0
2023-08-07,49,Neutral,1691366400,49,49.0,54.0,50.0,55.0
2023-08-08,54,Neutral,1691452800,54,49.0,50.0,53.0,50.0
2023-08-09,50,Neutral,1691539200,50,54.0,49.0,53.0,51.0
2023-08-10,53,Neutral,1691625600,53,50.0,49.0,52.0,51.0
2023-08-11,51,Neutral,1691712000,51,53.0,54.0,54.0,52.0
2023-08-12,54,Neutral,1691798400,54,51.0,50.0,50.0,52.0
2023-08-13,54,Neutral,1691884800,54,54.0,53.0,49.0,52.0
2023-08-14,50,Neutral,1691971200,50,54.0,51.0,49.0,50.0
2023-08-15,53,Neutral,1692057600,53,50.0,54.0,54.0,53.0
2023-08-16,52,Neutral,1692144000,52,53.0,54.0,50.0,53.0
2023-08-17,50,Neutral,1692230400,50,52.0,50.0,53.0,52.0
2023-08-18,37,Fear,1692316800,37,50.0,53.0,51.0,54.0
2023-08-19,39,Fear,1692403200,39,37.0,52.0,54.0,50.0
2023-08-20,37,Fear,1692489600,37,39.0,50.0,54.0,49.0
2023-08-21,38,Fear,1692576000,38,37.0,37.0,50.0,49.0
2023-08-22,37,Fear,1692662400,37,38.0,39.0,53.0,54.0
2023-08-23,37,Fear,1692748800,37,37.0,37.0,52.0,50.0
2023-08-24,41,Fear,1692835200,41,37.0,38.0,50.0,53.0
2023-08-25,39,Fear,1692921600,39,41.0,37.0,37.0,51.0
2023-08-26,38,Fear,1693008000,38,39.0,37.0,39.0,54.0
2023-08-27,38,Fear,1693094400,38,38.0,41.0,37.0,54.0
2023-08-28,39,Fear,1693180800,39,38.0,39.0,38.0,50.0
2023-08-29,39,Fear,1693267200,39,39.0,38.0,37.0,53.0
2023-08-30,49,Neutral,1693353600,49,39.0,38.0,37.0,52.0
2023-08-31,52,Neutral,1693440000,52,49.0,39.0,41.0,50.0
2023-09-01,40,Fear,1693526400,40,52.0,39.0,39.0,37.0
2023-09-02,39,Fear,1693612800,39,40.0,49.0,38.0,39.0
2023-09-03,40,Fear,1693699200,40,39.0,52.0,38.0,37.0
2023-09-04,40,Fear,1693785600,40,40.0,40.0,39.0,38.0
2023-09-05,40,Fear,1693872000,40,40.0,39.0,39.0,37.0
2023-09-06,42,Fear,1693958400,42,40.0,40.0,49.0,37.0
2023-09-07,41,Fear,1694044800,41,42.0,40.0,52.0,41.0
2023-09-08,46,Fear,1694131200,46,41.0,40.0,40.0,39.0
2023-09-09,41,Fear,1694217600,41,46.0,42.0,39.0,38.0
2023-09-10,40,Fear,1694304000,40,41.0,41.0,40.0,38.0
2023-09-11,40,Fear,1694390400,40,40.0,46.0,40.0,39.0
2023-09-12,30,Fear,1694476800,30,40.0,41.0,40.0,39.0
2023-09-13,41,Fear,1694563200,41,30.0,40.0,42.0,49.0
2023-09-14,45,Fear,1694649600,45,41.0,40.0,41.0,52.0
2023-09-15,45,Fear,1694736000,45,45.0,30.0,46.0,40.0
2023-09-16,43,Fear,1694822400,43,45.0,41.0,41.0,39.0
2023-09-17,46,Fear,1694908800,46,43.0,45.0,40.0,40.0
2023-09-18,46,Fear,1694995200,46,46.0,45.0,40.0,40.0
2023-09-19,46,Fear,1695081600,46,46.0,43.0,30.0,40.0
2023-09-20,47,Neutral,1695168000,47,46.0,46.0,41.0,42.0
2023-09-21,47,Neutral,1695254400,47,47.0,46.0,45.0,41.0
2023-09-22,43,Fear,1695340800,43,47.0,46.0,45.0,46.0
2023-09-23,47,Neutral,1695427200,47,43.0,47.0,43.0,41.0
2023-09-24,44,Fear,1695513600,44,47.0,47.0,46.0,40.0
2023-09-25,47,Neutral,1695600000,47,44.0,43.0,46.0,40.0
2023-09-26,46,Fear,1695686400,46,47.0,47.0,46.0,30.0
2023-09-27,44,Fear,1695772800,44,46.0,44.0,47.0,41.0
2023-09-28,46,Fear,1695859200,46,44.0,47.0,47.0,45.0
2023-09-29,48,Neutral,1695945600,48,46.0,46.0,43.0,45.0
2023-09-30,47,Neutral,1696032000,47,48.0,44.0,47.0,43.0
2023-10-01,48,Neutral,1696118400,48,47.0,46.0,44.0,46.0
2023-10-02,50,Neutral,1696204800,50,48.0,48.0,47.0,46.0
2023-10-03,50,Neutral,1696291200,50,50.0,47.0,46.0,46.0
2023-10-04,49,Neutral,1696377600,49,50.0,48.0,44.0,47.0
2023-10-05,48,Neutral,1696464000,48,49.0,50.0,46.0,47.0
2023-10-06,50,Neutral,1696550400,50,48.0,50.0,48.0,43.0
2023-10-07,49,Neutral,1696636800,49,50.0,49.0,47.0,47.0
2023-10-08,50,Neutral,1696723200,50,49.0,48.0,48.0,44.0
2023-10-09,50,Neutral,1696809600,50,50.0,50.0,50.0,47.0
2023-10-10,50,Neutral,1696896000,50,50.0,49.0,50.0,46.0
2023-10-11,47,Neutral,1696982400,47,50.0,50.0,49.0,44.0
2023-10-12,45,Fear,1697068800,45,47.0,50.0,48.0,46.0
2023-10-13,44,Fear,1697155200,44,45.0,50.0,50.0,48.0
2023-10-14,47,Neutral,1697241600,47,44.0,47.0,49.0,47.0
2023-10-15,45,Fear,1697328000,45,47.0,45.0,50.0,48.0
2023-10-16,47,Neutral,1697414400,47,45.0,44.0,50.0,50.0
2023-10-17,52,Neutral,1697500800,52,47.0,47.0,50.0,50.0
2023-10-18,50,Neutral,1697587200,50,52.0,45.0,47.0,49.0
2023-10-19,52,Neutral,1697673600,52,50.0,47.0,45.0,48.0
2023-10-20,53,Neutral,1697760000,53,52.0,52.0,44.0,50.0
2023-10-21,63,Greed,1697846400,63,53.0,50.0,47.0,49.0
2023-10-22,53,Neutral,1697932800,53,63.0,52.0,45.0,50.0
2023-10-23,53,Neutral,1698019200,53,53.0,53.0,47.0,50.0
2023-10-24,66,Greed,1698105600,66,53.0,63.0,52.0,50.0
2023-10-25,72,Greed,1698192000,72,66.0,53.0,50.0,47.0
2023-10-26,71,Greed,1698278400,71,72.0,53.0,52.0,45.0
2023-10-27,70,Greed,1698364800,70,71.0,66.0,53.0,44.0
2023-10-28,65,Greed,1698451200,65,70.0,72.0,63.0,47.0
2023-10-29,72,Greed,1698537600,72,65.0,71.0,53.0,45.0
2023-10-30,68,Greed,1698624000,68,72.0,70.0,53.0,47.0
2023-10-31,66,Greed,1698710400,66,68.0,65.0,66.0,52.0
2023-11-01,66,Greed,1698796800,66,66.0,72.0,72.0,50.0
2023-11-02,72,Greed,1698883200,72,66.0,68.0,71.0,52.0
2023-11-03,65,Greed,1698969600,65,72.0,66.0,70.0,53.0
2023-11-04,68,Greed,1699056000,68,65.0,66.0,65.0,63.0
2023-11-05,70,Greed,1699142400,70,68.0,72.0,72.0,53.0
2023-11-06,74,Greed,1699228800,74,70.0,65.0,68.0,53.0
2023-11-07,68,Greed,1699315200,68,74.0,68.0,66.0,66.0
2023-11-08,66,Greed,1699401600,66,68.0,70.0,66.0,72.0
2023-11-09,69,Greed,1699488000,69,66.0,74.0,72.0,71.0
2023-11-10,70,Greed,1699574400,70,69.0,68.0,65.0,70.0
2023-11-11,70,Greed,1699660800,70,70.0,66.0,68.0,65.0
2023-11-12,73,Greed,1699747200,73,70.0,69.0,70.0,72.0
2023-11-13,72,Greed,1699833600,72,73.0,70.0,74.0,68.0
2023-11-14,69,Greed,1699920000,69,72.0,70.0,68.0,66.0
2023-11-15,60,Greed,1700006400,60,69.0,73.0,66.0,66.0
2023-11-16,70,Greed,1700092800,70,60.0,72.0,69.0,72.0
2023-11-17,63,Greed,1700179200,63,70.0,69.0,70.0,65.0
2023-11-18,69,Greed,1700265600,69,63.0,60.0,70.0,68.0
2023-11-19,66,Greed,1700352000,66,69.0,70.0,73.0,70.0
2023-11-20,69,Greed,1700438400,69,66.0,63.0,72.0,74.0
2023-11-21,71,Greed,1700524800,71,69.0,69.0,69.0,68.0
2023-11-22,62,Greed,1700611200,62,71.0,66.0,60.0,66.0
2023-11-23,66,Greed,1700697600,66,62.0,69.0,70.0,69.0
2023-11-24,66,Greed,1700784000,66,66.0,71.0,63.0,70.0
2023-11-25,73,Greed,1700870400,73,66.0,62.0,69.0,70.0
2023-11-26,73,Greed,1700956800,73,73.0,66.0,66.0,73.0
2023-11-27,66,Greed,1701043200,66,73.0,66.0,69.0,72.0
2023-11-28,68,Greed,1701129600,68,66.0,73.0,71.0,69.0
2023-11-29,72,Greed,1701216000,72,68.0,73.0,62.0,60.0
2023-11-30,74,Greed,1701302400,74,72.0,66.0,66.0,70.0
2023-12-01,71,Greed,1701388800,71,74.0,68.0,66.0,63.0
2023-12-02,74,Greed,1701475200,74,71.0,72.0,73.0,69.0
2023-12-03,73,Greed,1701561600,73,74.0,74.0,73.0,66.0
2023-12-04,74,Greed,1701648000,74,73.0,71.0,66.0,69.0
2023-12-05,75,Greed,1701734400,75,74.0,74.0,68.0,71.0
2023-12-06,72,Greed,1701820800,72,75.0,73.0,72.0,62.0
2023-12-07,72,Greed,1701907200,72,72.0,74.0,74.0,66.0
2023-12-08,72,Greed,1701993600,72,72.0,75.0,71.0,66.0
2023-12-09,73,Greed,1702080000,73,72.0,72.0,74.0,73.0
2023-12-10,74,Greed,1702166400,74,73.0,72.0,73.0,73.0
2023-12-11,74,Greed,1702252800,74,74.0,72.0,74.0,66.0
2023-12-12,67,Greed,1702339200,67,74.0,73.0,75.0,68.0
2023-12-13,65,Greed,1702425600,65,67.0,74.0,72.0,72.0
2023-12-14,72,Greed,1702512000,72,65.0,74.0,72.0,74.0
2023-12-15,70,Greed,1702598400,70,72.0,67.0,72.0,71.0
2023-12-16,67,Greed,1702684800,67,70.0,65.0,73.0,74.0
2023-12-17,73,Greed,1702771200,73,67.0,72.0,74.0,73.0
2023-12-18,65,Greed,1702857600,65,73.0,70.0,74.0,74.0
2023-12-19,73,Greed,1702944000,73,65.0,67.0,67.0,75.0
2023-12-20,74,Greed,1703030400,74,73.0,73.0,65.0,72.0
2023-12-21,70,Greed,1703116800,70,74.0,65.0,72.0,72.0
2023-12-22,74,Greed,1703203200,74,70.0,73.0,70.0,72.0
2023-12-23,70,Greed,1703289600,70,74.0,74.0,67.0,73.0
2023-12-24,71,Greed,1703376000,71,70.0,70.0,73.0,74.0
2023-12-25,73,Greed,1703462400,73,71.0,74.0,65.0,74.0
2023-12-26,71,Greed,1703548800,71,73.0,70.0,73.0,67.0
2023-12-27,73,Greed,1703635200,73,71.0,71.0,74.0,65.0
2023-12-28,73,Greed,1703721600,73,73.0,73.0,70.0,72.0
2023-12-29,65,Greed,1703808000,65,73.0,71.0,74.0,70.0
2023-12-30,68,Greed,1703894400,68,65.0,73.0,70.0,67.0
2023-12-31,67,Greed,1703980800,67,68.0,73.0,71.0,73.0
2024-01-01,65,Greed,1704067200,65,67.0,65.0,73.0,65.0
2024-01-02,71,Greed,1704153600,71,65.0,68.0,71.0,73.0
2024-01-03,70,Greed,1704240000,70,71.0,67.0,73.0,74.0
2024-01-04,68,Greed,1704326400,68,70.0,65.0,73.0,70.0
2024-01-05,72,Greed,1704412800,72,68.0,71.0,65.0,74.0
2024-01-06,70,Greed,1704499200,70,72.0,70.0,68.0,70.0
2024-01-07,71,Greed,1704585600,71,70.0,68.0,67.0,71.0
2024-01-08,71,Greed,1704672000,71,71.0,72.0,65.0,73.0
2024-01-09,76,Extreme Greed,1704758400,76,71.0,70.0,71.0,71.0
2024-01-10,73,Greed,1704844800,73,76.0,71.0,70.0,73.0
2024-01-11,76,Extreme Greed,1704931200,76,73.0,71.0,68.0,73.0
2024-01-12,71,Greed,1705017600,71,76.0,76.0,72.0,65.0
2024-01-13,64,Greed,1705104000,64,71.0,73.0,70.0,68.0
2024-01-14,60,Greed,1705190400,60,64.0,76.0,71.0,67.0
2024-01-15,52,Neutral,1705276800,52,60.0,71.0,71.0,65.0
2024-01-16,64,Greed,1705363200,64,52.0,64.0,76.0,71.0
2024-01-17,60,Greed,1705449600,60,64.0,60.0,73.0,70.0
2024-01-18,63,Greed,1705536000,63,60.0,52.0,76.0,68.0
2024-01-19,51,Neutral,1705622400,51,63.0,64.0,71.0,72.0
2024-01-20,52,Neutral,1705708800,52,51.0,60.0,64.0,70.0
2024-01-21,56,Greed,1705795200,56,52.0,63.0,60.0,71.0
2024-01-22,55,Greed,1705881600,55,56.0,51.0,52.0,71.0
2024-01-23,50,Neutral,1705968000,50,55.0,52.0,64.0,76.0
2024-01-24,48,Neutral,1706054400,48,50.0,56.0,60.0,73.0
2024-01-25,52,Neutral,1706140800,52,48.0,55.0,63.0,76.0
2024-01-26,49,Neutral,1706227200,49,52.0,50.0,51.0,71.0
2024-01-27,55,Greed,1706313600,55,49.0,48.0,52.0,64.0
2024-01-28,54,Neutral,1706400000,54,55.0,52.0,56.0,60.0
2024-01-29,55,Greed,1706486400,55,54.0,49.0,55.0,52.0
2024-01-30,61,Greed,1706572800,61,55.0,55.0,50.0,64.0
2024-01-31,60,Greed,1706659200,60,61.0,54.0,48.0,60.0
2024-02-01,63,Greed,1706745600,63,60.0,55.0,52.0,63.0
2024-02-02,63,Greed,1706832000,63,63.0,61.0,49.0,51.0
2024-02-03,60,Greed,1706918400,60,63.0,60.0,55.0,52.0
2024-02-04,60,Greed,1707004800,60,60.0,63.0,54.0,56.0
2024-02-05,60,Greed,1707091200,60,60.0,63.0,55.0,55.0
2024-02-06,64,Greed,1707177600,64,60.0,60.0,61.0,50.0
2024-02-07,62,Greed,1707264000,62,64.0,60.0,60.0,48.0
2024-02-08,66,Greed,1707350400,66,62.0,60.0,63.0,52.0
2024-02-09,72,Greed,1707436800,72,66.0,64.0,63.0,49.0
2024-02-10,74,Greed,1707523200,74,72.0,62.0,60.0,55.0
2024-02-11,71,Greed,1707609600,71,74.0,66.0,60.0,54.0
2024-02-12,70,Greed,1707696000,70,71.0,72.0,60.0,55.0
2024-02-13,79,Extreme Greed,1707782400,79,70.0,74.0,64.0,61.0
2024-02-14,74,Greed,1707868800,74,79.0,71.0,62.0,60.0
2024-02-15,72,Greed,1707955200,72,74.0,70.0,66.0,63.0
2024-02-16,72,Greed,1708041600,72,72.0,79.0,72.0,63.0
2024-02-17,76,Extreme Greed,1708128000,76,72.0,74.0,74.0,60.0
2024-02-18,72,Greed,1708214400,72,76.0,72.0,71.0,60.0
2024-02-19,75,Greed,1708300800,75,72.0,72.0,70.0,60.0
2024-02-20,72,Greed,1708387200,72,75.0,76.0,79.0,64.0
2024-02-21,78,Extreme Greed,1708473600,78,72.0,72.0,74.0,62.0
2024-02-22,74,Greed,1708560000,74,78.0,75.0,72.0,66.0
2024-02-23,76,Extreme Greed,1708646400,76,74.0,72.0,72.0,72.0
2024-02-24,72,Greed,1708732800,72,76.0,78.0,76.0,74.0
2024-02-25,74,Greed,1708819200,74,72.0,74.0,72.0,71.0
2024-02-26,72,Greed,1708905600,72,74.0,76.0,75.0,70.0
2024-02-27,79,Extreme Greed,1708992000,79,72.0,72.0,72.0,79.0
2024-02-28,82,Extreme Greed,1709078400,82,79.0,74.0,78.0,74.0
2024-02-29,80,Extreme Greed,1709164800,80,82.0,72.0,74.0,72.0
2024-03-01,80,Extreme Greed,1709251200,80,80.0,79.0,76.0,72.0
2024-03-02,80,Extreme Greed,1709337600,80,80.0,82.0,72.0,76.0
2024-03-03,83,Extreme Greed,1709424000,83,80.0,80.0,74.0,72.0
2024-03-04,82,Extreme Greed,1709510400,82,83.0,80.0,72.0,75.0
2024-03-05,90,Extreme Greed,1709596800,90,82.0,80.0,79.0,72.0
2024-03-06,75,Greed,1709683200,75,90.0,83.0,82.0,78.0
2024-03-07,82,Extreme Greed,1709769600,82,75.0,82.0,80.0,74.0
2024-03-08,81,Extreme Greed,1709856000,81,82.0,90.0,80.0,76.0
2024-03-09,84,Extreme Greed,1709942400,84,81.0,75.0,80.0,72.0
2024-03-10,79,Extreme Greed,1710028800,79,84.0,82.0,83.0,74.0
2024-03-11,82,Extreme Greed,1710115200,82,79.0,81.0,82.0,72.0
2024-03-12,81,Extreme Greed,1710201600,81,82.0,84.0,90.0,79.0
2024-03-13,81,Extreme Greed,1710288000,81,81.0,79.0,75.0,82.0
2024-03-14,88,Extreme Greed,1710374400,88,81.0,82.0,82.0,80.0
2024-03-15,83,Extreme Greed,1710460800,83,88.0,81.0,81.0,80.0
2024-03-16,81,Extreme Greed,1710547200,81,83.0,81.0,84.0,80.0
2024-03-17,79,Extreme Greed,1710633600,79,81.0,88.0,79.0,83.0
2024-03-18,77,Extreme Greed,1710720000,77,79.0,83.0,82.0,82.0
2024-03-19,79,Extreme Greed,1710806400,79,77.0,81.0,81.0,90.0
2024-03-20,74,Greed,1710892800,74,79.0,79.0,81.0,75.0
2024-03-21,78,Extreme Greed,1710979200,78,74.0,77.0,88.0,82.0
2024-03-22,75,Greed,1711065600,75,78.0,79.0,83.0,81.0
2024-03-23,73,Greed,1711152000,73,75.0,74.0,81.0,84.0
2024-03-24,74,Greed,1711238400,74,73.0,78.0,79.0,79.0
2024-03-25,75,Greed,1711324800,75,74.0,75.0,77.0,82.0
2024-03-26,81,Extreme Greed,1711411200,81,75.0,73.0,79.0,81.0
2024-03-27,83,Extreme Greed,1711497600,83,81.0,74.0,74.0,81.0
2024-03-28,80,Extreme Greed,1711584000,80,83.0,75.0,78.0,88.0
2024-03-29,79,Extreme Greed,1711670400,79,80.0,81.0,75.0,83.0
2024-03-30,75,Greed,1711756800,75,79.0,83.0,73.0,81.0
2024-03-31,75,Greed,1711843200,75,75.0,80.0,74.0,79.0
2024-04-01,79,Extreme Greed,1711929600,79,75.0,79.0,75.0,77.0
2024-04-02,79,Extreme Greed,1712016000,79,79.0,75.0,81.0,79.0
2024-04-03,71,Greed,1712102400,71,79.0,75.0,83.0,74.0
2024-04-04,70,Greed,1712188800,70,71.0,79.0,80.0,78.0
2024-04-05,79,Extreme Greed,1712275200,79,70.0,79.0,79.0,75.0
2024-04-06,75,Greed,1712361600,75,79.0,71.0,75.0,73.0
2024-04-07,78,Extreme Greed,1712448000,78,75.0,70.0,75.0,74.0
2024-04-08,76,Extreme Greed,1712534400,76,78.0,79.0,79.0,75.0
2024-04-09,80,Extreme Greed,1712620800,80,76.0,75.0,79.0,81.0
2024-04-10,78,Extreme Greed,1712707200,78,80.0,78.0,71.0,83.0
2024-04-11,76,Extreme Greed,1712793600,76,78.0,76.0,70.0,80.0
2024-04-12,79,Extreme Greed,1712880000,79,76.0,80.0,79.0,79.0
2024-04-13,72,Greed,1712966400,72,79.0,78.0,75.0,75.0
2024-04-14,72,Greed,1713052800,72,72.0,76.0,78.0,75.0
2024-04-15,74,Greed,1713139200,74,72.0,79.0,76.0,79.0
2024-04-16,65,Greed,1713225600,65,74.0,72.0,80.0,79.0
2024-04-17,67,Greed,1713312000,67,65.0,72.0,78.0,71.0
2024-04-18,57,Greed,1713398400,57,67.0,74.0,76.0,70.0
2024-04-19,66,Greed,1713484800,66,57.0,65.0,79.0,79.0
2024-04-20,66,Greed,1713571200,66,66.0,67.0,72.0,75.0
2024-04-21,72,Greed,1713657600,72,66.0,57.0,72.0,78.0
2024-04-22,73,Greed,1713744000,73,72.0,66.0,74.0,76.0
2024-04-23,71,Greed,1713830400,71,73.0,66.0,65.0,80.0
2024-04-24,72,Greed,1713916800,72,71.0,72.0,67.0,78.0
2024-04-25,72,Greed,1714003200,72,72.0,73.0,57.0,76.0
2024-04-26,70,Greed,1714089600,70,72.0,71.0,66.0,79.0
2024-04-27,67,Greed,1714176000,67,70.0,72.0,66.0,72.0
2024-04-28,65,Greed,1714262400,65,67.0,72.0,72.0,72.0
2024-04-29,67,Greed,1714348800,67,65.0,70.0,73.0,74.0
2024-04-30,67,Greed,1714435200,67,67.0,67.0,71.0,65.0
2024-05-01,54,Neutral,1714521600,54,67.0,65.0,72.0,67.0
2024-05-02,43,Fear,1714608000,43,54.0,67.0,72.0,57.0
2024-05-03,48,Neutral,1714694400,48,43.0,67.0,70.0,66.0
2024-05-04,67,Greed,1714780800,67,48.0,54.0,67.0,66.0
2024-05-05,69,Greed,1714867200,69,67.0,43.0,65.0,72.0
2024-05-06,71,Greed,1714953600,71,69.0,48.0,67.0,73.0
2024-05-07,68,Greed,1715040000,68,71.0,67.0,67.0,71.0
2024-05-08,64,Greed,1715126400,64,68.0,69.0,54.0,72.0
2024-05-09,55,Greed,1715212800,55,64.0,71.0,43.0,72.0
2024-05-10,66,Greed,1715299200,66,55.0,68.0,48.0,70.0
2024-05-11,53,Neutral,1715385600,53,66.0,64.0,67.0,67.0
2024-05-12,56,Greed,1715472000,56,53.0,55.0,69.0,65.0
2024-05-13,57,Greed,1715558400,57,56.0,66.0,71.0,67.0
2024-05-14,66,Greed,1715644800,66,57.0,53.0,68.0,67.0
2024-05-15,64,Greed,1715731200,64,66.0,56.0,64.0,54.0
2024-05-16,70,Greed,1715817600,70,64.0,57.0,55.0,43.0
2024-05-17,74,Greed,1715904000,74,70.0,66.0,66.0,48.0
2024-05-18,73,Greed,1715990400,73,74.0,64.0,53.0,67.0
2024-05-19,72,Greed,1716076800,72,73.0,70.0,56.0,69.0
2024-05-20,70,Greed,1716163200,70,72.0,74.0,57.0,71.0
2024-05-21,76,Extreme Greed,1716249600,76,70.0,73.0,66.0,68.0
2024-05-22,76,Extreme Greed,1716336000,76,76.0,72.0,64.0,64.0
2024-05-23,76,Extreme Greed,1716422400,76,76.0,70.0,70.0,55.0
2024-05-24,74,Greed,1716508800,74,76.0,76.0,74.0,66.0
2024-05-25,76,Extreme Greed,1716595200,76,74.0,76.0,73.0,53.0
2024-05-26,75,Greed,1716681600,75,76.0,76.0,72.0,56.0
2024-05-27,74,Greed,1716768000,74,75.0,74.0,70.0,57.0
2024-05-28,72,Greed,1716854400,72,74.0,76.0,76.0,66.0
2024-05-29,72,Greed,1716940800,72,72.0,75.0,76.0,64.0
2024-05-30,73,Greed,1717027200,73,72.0,74.0,76.0,70.0
2024-05-31,73,Greed,1717113600,73,73.0,72.0,74.0,74.0
2024-06-01,72,Greed,1717200000,72,73.0,72.0,76.0,73.0
2024-06-02,73,Greed,1717286400,73,72.0,73.0,75.0,72.0
2024-06-03,73,Greed,1717372800,73,73.0,73.0,74.0,70.0
2024-06-04,73,Greed,1717459200,73,73.0,72.0,72.0,76.0
2024-06-05,75,Greed,1717545600,75,73.0,73.0,72.0,76.0
2024-06-06,78,Extreme Greed,1717632000,78,75.0,73.0,73.0,76.0
2024-06-07,77,Extreme Greed,1717718400,77,78.0,73.0,73.0,74.0
2024-06-08,72,Greed,1717804800,72,77.0,75.0,72.0,76.0
2024-06-09,75,Greed,1717891200,75,72.0,78.0,73.0,75.0
2024-06-10,72,Greed,1717977600,72,75.0,77.0,73.0,74.0
2024-06-11,74,Greed,1718064000,74,72.0,72.0,73.0,72.0
2024-06-12,72,Greed,1718150400,72,74.0,75.0,75.0,72.0
2024-06-13,70,Greed,1718236800,70,72.0,72.0,78.0,73.0
2024-06-14,74,Greed,1718323200,74,70.0,74.0,77.0,73.0
2024-06-15,74,Greed,1718409600,74,74.0,72.0,72.0,72.0
2024-06-16,71,Greed,1718496000,71,74.0,70.0,75.0,73.0
2024-06-17,71,Greed,1718582400,71,71.0,74.0,72.0,73.0
2024-06-18,74,Greed,1718668800,74,71.0,74.0,74.0,73.0
2024-06-19,64,Greed,1718755200,64,74.0,71.0,72.0,75.0
2024-06-20,60,Greed,1718841600,60,64.0,71.0,70.0,78.0
2024-06-21,63,Greed,1718928000,63,60.0,74.0,74.0,77.0
2024-06-22,53,Neutral,1719014400,53,63.0,64.0,74.0,72.0
2024-06-23,55,Greed,1719100800,55,53.0,60.0,71.0,75.0
2024-06-24,51,Neutral,1719187200,51,55.0,63.0,71.0,72.0
2024-06-25,30,Fear,1719273600,30,51.0,53.0,74.0,74.0
2024-06-26,46,Fear,1719360000,46,30.0,55.0,64.0,72.0
2024-06-27,40,Fear,1719446400,40,46.0,51.0,60.0,70.0
2024-06-28,47,Neutral,1719532800,47,40.0,30.0,63.0,74.0
2024-06-29,30,Fear,1719619200,30,47.0,46.0,53.0,74.0
2024-06-30,47,Neutral,1719705600,47,30.0,40.0,55.0,71.0
2024-07-01,53,Neutral,1719792000,53,47.0,47.0,51.0,71.0
2024-07-02,51,Neutral,1719878400,51,53.0,30.0,30.0,74.0
2024-07-03,50,Neutral,1719964800,50,51.0,47.0,46.0,64.0
2024-07-04,44,Fear,1720051200,44,50.0,53.0,40.0,60.0
2024-07-05,29,Fear,1720137600,29,44.0,51.0,47.0,63.0
2024-07-06,26,Fear,1720224000,26,29.0,50.0,30.0,53.0
2024-07-07,29,Fear,1720310400,29,26.0,44.0,47.0,55.0
2024-07-08,28,Fear,1720396800,28,29.0,29.0,53.0,51.0
2024-07-09,27,Fear,1720483200,27,28.0,26.0,51.0,30.0
2024-07-10,28,Fear,1720569600,28,27.0,29.0,50.0,46.0
2024-07-11,29,Fear,1720656000,29,28.0,28.0,44.0,40.0
2024-07-12,25,Extreme Fear,1720742400,25,29.0,27.0,29.0,47.0
2024-07-13,25,Extreme Fear,1720828800,25,25.0,28.0,26.0,30.0
2024-07-14,33,Fear,1720915200,33,25.0,29.0,29.0,47.0
2024-07-15,52,Neutral,1721001600,52,33.0,25.0,28.0,53.0
2024-07-16,65,Greed,1721088000,65,52.0,25.0,27.0,51.0
2024-07-17,69,Greed,1721174400,69,65.0,33.0,28.0,50.0
2024-07-18,61,Greed,1721260800,61,69.0,52.0,29.0,44.0
2024-07-19,60,Greed,1721347200,60,61.0,65.0,25.0,29.0
2024-07-20,74,Greed,1721433600,74,60.0,69.0,25.0,26.0
2024-07-21,74,Greed,1721520000,74,74.0,61.0,33.0,29.0
2024-07-22,70,Greed,1721606400,70,74.0,60.0,52.0,28.0
2024-07-23,71,Greed,1721692800,71,70.0,74.0,65.0,27.0
2024-07-24,69,Greed,1721779200,69,71.0,74.0,69.0,28.0
2024-07-25,68,Greed,1721865600,68,69.0,70.0,61.0,29.0
2024-07-26,68,Greed,1721952000,68,68.0,71.0,60.0,25.0
2024-07-27,72,Greed,1722038400,72,68.0,69.0,74.0,25.0
2024-07-28,71,Greed,1722124800,71,72.0,68.0,74.0,33.0
2024-07-29,74,Greed,1722211200,74,71.0,68.0,70.0,52.0
2024-07-30,67,Greed,1722297600,67,74.0,72.0,71.0,65.0
2024-07-31,61,Greed,1722384000,61,67.0,71.0,69.0,69.0
2024-08-01,52,Neutral,1722470400,52,61.0,74.0,68.0,61.0
2024-08-02,57,Greed,1722556800,57,52.0,67.0,68.0,60.0
2024-08-03,37,Fear,1722643200,37,57.0,61.0,72.0,74.0
2024-08-04,34,Fear,1722729600,34,37.0,52.0,71.0,74.0
2024-08-05,26,Fear,1722816000,26,34.0,57.0,74.0,70.0
2024-08-06,17,Extreme Fear,1722902400,17,26.0,37.0,67.0,71.0
2024-08-07,29,Fear,1722988800,29,17.0,34.0,61.0,69.0
2024-08-08,20,Extreme Fear,1723075200,20,29.0,26.0,52.0,68.0
2024-08-09,48,Neutral,1723161600,48,20.0,17.0,57.0,68.0
2024-08-10,40,Fear,1723248000,40,48.0,29.0,37.0,72.0
2024-08-11,39,Fear,1723334400,39,40.0,20.0,34.0,71.0
2024-08-12,25,Extreme Fear,1723420800,25,39.0,48.0,26.0,74.0
2024-08-13,31,Fear,1723507200,31,25.0,40.0,17.0,67.0
2024-08-14,30,Fear,1723593600,30,31.0,39.0,29.0,61.0
2024-08-15,29,Fear,1723680000,29,30.0,25.0,20.0,52.0
2024-08-16,27,Fear,1723766400,27,29.0,31.0,48.0,57.0
2024-08-17,25,Extreme Fear,1723852800,25,27.0,30.0,40.0,37.0
2024-08-18,31,Fear,1723939200,31,25.0,29.0,39.0,34.0
2024-08-19,28,Fear,1724025600,28,31.0,27.0,25.0,26.0
2024-08-20,30,Fear,1724112000,30,28.0,25.0,31.0,17.0
2024-08-21,26,Fear,1724198400,26,30.0,31.0,30.0,29.0
2024-08-22,39,Fear,1724284800,39,26.0,28.0,29.0,20.0
2024-08-23,34,Fear,1724371200,34,39.0,30.0,27.0,48.0
2024-08-24,56,Greed,1724457600,56,34.0,26.0,25.0,40.0
2024-08-25,54,Neutral,1724544000,54,56.0,39.0,31.0,39.0
2024-08-26,55,Greed,1724630400,55,54.0,34.0,28.0,25.0
2024-08-27,48,Neutral,1724716800,48,55.0,56.0,30.0,31.0
2024-08-28,30,Fear,1724803200,30,48.0,54.0,26.0,30.0
2024-08-29,29,Fear,1724889600,29,30.0,55.0,39.0,29.0
2024-08-30,34,Fear,1724976000,34,29.0,48.0,34.0,27.0
2024-08-31,29,Fear,1725062400,29,34.0,30.0,56.0,25.0
2024-09-01,26,Fear,1725148800,26,29.0,29.0,54.0,31.0
2024-09-02,26,Fear,1725235200,26,26.0,34.0,55.0,28.0
2024-09-03,26,Fear,1725321600,26,26.0,29.0,48.0,30.0
2024-09-04,27,Fear,1725408000,27,26.0,26.0,30.0,26.0
2024-09-05,29,Fear,1725494400,29,27.0,26.0,29.0,39.0
2024-09-06,22,Extreme Fear,1725580800,22,29.0,26.0,34.0,34.0
2024-09-07,23,Extreme Fear,1725667200,23,22.0,27.0,29.0,56.0
2024-09-08,29,Fear,1725753600,29,23.0,29.0,26.0,54.0
2024-09-09,26,Fear,1725840000,26,29.0,22.0,26.0,55.0
2024-09-10,33,Fear,1725926400,33,26.0,23.0,26.0,48.0
2024-09-11,37,Fear,1726012800,37,33.0,29.0,27.0,30.0
2024-09-12,31,Fear,1726099200,31,37.0,26.0,29.0,29.0
2024-09-13,32,Fear,1726185600,32,31.0,33.0,22.0,34.0
2024-09-14,50,Neutral,1726272000,50,32.0,37.0,23.0,29.0
2024-09-15,51,Neutral,1726358400,51,50.0,31.0,29.0,26.0
2024-09-16,39,Fear,1726444800,39,51.0,32.0,26.0,26.0
2024-09-17,33,Fear,1726531200,33,39.0,50.0,33.0,26.0
2024-09-18,45,Fear,1726617600,45,33.0,51.0,37.0,27.0
2024-09-19,49,Neutral,1726704000,49,45.0,39.0,31.0,29.0
2024-09-20,54,Neutral,1726790400,54,49.0,33.0,32.0,22.0
2024-09-21,54,Neutral,1726876800,54,54.0,45.0,50.0,23.0
2024-09-22,52,Neutral,1726963200,52,54.0,49.0,51.0,29.0
2024-09-23,50,Neutral,1727049600,50,52.0,54.0,39.0,26.0
2024-09-24,54,Neutral,1727136000,54,50.0,54.0,33.0,33.0
2024-09-25,59,Greed,1727222400,59,54.0,52.0,45.0,37.0
2024-09-26,50,Neutral,1727308800,50,59.0,50.0,49.0,31.0
2024-09-27,61,Greed,1727395200,61,50.0,54.0,54.0,32.0
2024-09-28,64,Greed,1727481600,64,61.0,59.0,54.0,50.0
2024-09-29,63,Greed,1727568000,63,64.0,50.0,52.0,51.0
2024-09-30,61,Greed,1727654400,61,63.0,61.0,50.0,39.0
2024-10-01,50,Neutral,1727740800,50,61.0,64.0,54.0,33.0
2024-10-02,42,Fear,1727827200,42,50.0,63.0,59.0,45.0
2024-10-03,37,Fear,1727913600,37,42.0,61.0,50.0,49.0
2024-10-04,41,Fear,1728000000,41,37.0,50.0,61.0,54.0
2024-10-05,49,Neutral,1728086400,49,41.0,42.0,64.0,54.0
2024-10-06,50,Neutral,1728172800,50,49.0,37.0,63.0,52.0
2024-10-07,50,Neutral,1728259200,50,50.0,41.0,61.0,50.0
2024-10-08,49,Neutral,1728345600,49,50.0,49.0,50.0,54.0
2024-10-09,49,Neutral,1728432000,49,49.0,50.0,42.0,59.0
2024-10-10,39,Fear,1728518400,39,49.0,50.0,37.0,50.0
2024-10-11,32,Fear,1728604800,32,39.0,49.0,41.0,61.0
2024-10-12,49,Neutral,1728691200,49,32.0,49.0,49.0,64.0
2024-10-13,50,Neutral,1728777600,50,49.0,39.0,50.0,63.0
2024-10-14,48,Neutral,1728864000,48,50.0,32.0,50.0,61.0
2024-10-15,65,Greed,1728950400,65,48.0,49.0,49.0,50.0
2024-10-16,73,Greed,1729036800,73,65.0,50.0,49.0,42.0
2024-10-17,71,Greed,1729123200,71,73.0,48.0,39.0,37.0
2024-10-18,73,Greed,1729209600,73,71.0,65.0,32.0,41.0
2024-10-19,72,Greed,1729296000,72,73.0,73.0,49.0,49.0
2024-10-20,73,Greed,1729382400,73,72.0,71.0,50.0,50.0
2024-10-21,72,Greed,1729468800,72,73.0,73.0,48.0,50.0
2024-10-22,70,Greed,1729555200,70,72.0,72.0,65.0,49.0
2024-10-23,71,Greed,1729641600,71,70.0,73.0,73.0,49.0
2024-10-24,69,Greed,1729728000,69,71.0,72.0,71.0,39.0
2024-10-25,72,Greed,1729814400,72,69.0,70.0,73.0,32.0
2024-10-27,74,Greed,1729987200,74,72.0,71.0,72.0,49.0
2024-10-28,72,Greed,1730073600,72,74.0,69.0,73.0,50.0
2024-10-29,72,Greed,1730160000,72,72.0,72.0,72.0,48.0
2024-10-30,77,Extreme Greed,1730246400,77,72.0,74.0,70.0,65.0
2024-10-31,77,Extreme Greed,1730332800,77,77.0,72.0,71.0,73.0
2024-11-01,75,Greed,1730419200,75,77.0,72.0,69.0,71.0
2024-11-02,72,Greed,1730505600,72,75.0,77.0,72.0,73.0
2024-11-03,74,Greed,1730592000,74,72.0,77.0,74.0,72.0
2024-11-04,70,Greed,1730678400,70,74.0,75.0,72.0,73.0
2024-11-05,70,Greed,1730764800,70,70.0,72.0,72.0,72.0
2024-11-06,70,Greed,1730851200,70,70.0,74.0,77.0,70.0
2024-11-07,77,Extreme Greed,1730937600,77,70.0,70.0,77.0,71.0
2024-11-08,75,Greed,1731024000,75,77.0,70.0,75.0,69.0
2024-11-09,75,Greed,1731110400,75,75.0,70.0,72.0,72.0
2024-11-10,78,Extreme Greed,1731196800,78,75.0,77.0,74.0,74.0
2024-11-11,76,Extreme Greed,1731283200,76,78.0,75.0,70.0,72.0
2024-11-12,80,Extreme Greed,1731369600,80,76.0,75.0,70.0,72.0
2024-11-13,84,Extreme Greed,1731456000,84,80.0,78.0,70.0,77.0
2024-11-14,88,Extreme Greed,1731542400,88,84.0,76.0,77.0,77.0
2024-11-15,80,Extreme Greed,1731628800,80,88.0,80.0,75.0,75.0
2024-11-16,86,Extreme Greed,1731715200,86,80.0,84.0,75.0,72.0
2024-11-17,90,Extreme Greed,1731801600,90,86.0,88.0,78.0,74.0
2024-11-18,83,Extreme Greed,1731888000,83,90.0,80.0,76.0,70.0
2024-11-19,90,Extreme Greed,1731974400,90,83.0,86.0,80.0,70.0
2024-11-20,83,Extreme Greed,1732060800,83,90.0,90.0,84.0,70.0
2024-11-21,82,Extreme Greed,1732147200,82,83.0,83.0,88.0,77.0
2024-11-22,94,Extreme Greed,1732233600,94,82.0,90.0,80.0,75.0
2024-11-23,93,Extreme Greed,1732320000,93,94.0,83.0,86.0,75.0
2024-11-24,80,Extreme Greed,1732406400,80,93.0,82.0,90.0,78.0
2024-11-25,82,Extreme Greed,1732492800,82,80.0,94.0,83.0,76.0
2024-11-26,79,Extreme Greed,1732579200,79,82.0,93.0,90.0,80.0
2024-11-27,75,Greed,1732665600,75,79.0,80.0,83.0,84.0
2024-11-28,77,Extreme Greed,1732752000,77,75.0,82.0,82.0,88.0
2024-11-29,78,Extreme Greed,1732838400,78,77.0,79.0,94.0,80.0
2024-11-30,84,Extreme Greed,1732924800,84,78.0,75.0,93.0,86.0
2024-12-01,81,Extreme Greed,1733011200,81,84.0,77.0,80.0,90.0
2024-12-02,80,Extreme Greed,1733097600,80,81.0,78.0,82.0,83.0
2024-12-03,76,Extreme Greed,1733184000,76,80.0,84.0,79.0,90.0
2024-12-04,78,Extreme Greed,1733270400,78,76.0,81.0,75.0,83.0
2024-12-05,84,Extreme Greed,1733356800,84,78.0,80.0,77.0,82.0
2024-12-06,72,Greed,1733443200,72,84.0,76.0,78.0,94.0
2024-12-07,75,Greed,1733529600,75,72.0,78.0,84.0,93.0
2024-12-08,79,Extreme Greed,1733616000,79,75.0,84.0,81.0,80.0
2024-12-09,78,Extreme Greed,1733702400,78,79.0,72.0,80.0,82.0
2024-12-10,78,Extreme Greed,1733788800,78,78.0,75.0,76.0,79.0
2024-12-11,74,Greed,1733875200,74,78.0,79.0,78.0,75.0
2024-12-12,83,Extreme Greed,1733961600,83,74.0,78.0,84.0,77.0
2024-12-13,76,Extreme Greed,1734048000,76,83.0,78.0,72.0,78.0
2024-12-14,83,Extreme Greed,1734134400,83,76.0,74.0,75.0,84.0
2024-12-15,80,Extreme Greed,1734220800,80,83.0,83.0,79.0,81.0
2024-12-16,83,Extreme Greed,1734307200,83,80.0,76.0,78.0,80.0
2024-12-17,87,Extreme Greed,1734393600,87,83.0,83.0,78.0,76.0
2024-12-18,81,Extreme Greed,1734480000,81,87.0,80.0,74.0,78.0
2024-12-19,75,Greed,1734566400,75,81.0,83.0,83.0,84.0
2024-12-20,74,Greed,1734652800,74,75.0,87.0,76.0,72.0
2024-12-21,73,Greed,1734739200,73,74.0,81.0,83.0,75.0
2024-12-22,73,Greed,1734825600,73,73.0,75.0,80.0,79.0
2024-12-23,70,Greed,1734912000,70,73.0,74.0,83.0,78.0
2024-12-24,73,Greed,1734998400,73,70.0,73.0,87.0,78.0
2024-12-25,73,Greed,1735084800,73,73.0,73.0,81.0,74.0
2024-12-26,79,Extreme Greed,1735171200,79,73.0,70.0,75.0,83.0
2024-12-27,74,Greed,1735257600,74,79.0,73.0,74.0,76.0
2024-12-28,72,Greed,1735344000,72,74.0,73.0,73.0,83.0
2024-12-29,73,Greed,1735430400,73,72.0,79.0,73.0,80.0
2024-12-30,65,Greed,1735516800,65,73.0,74.0,70.0,83.0
2024-12-31,64,Greed,1735603200,64,65.0,72.0,73.0,87.0
2025-01-01,66,Greed,1735689600,66,64.0,73.0,73.0,81.0
2025-01-02,70,Greed,1735776000,70,66.0,65.0,79.0,75.0
2025-01-03,74,Greed,1735862400,74,70.0,64.0,74.0,74.0
2025-01-04,73,Greed,1735948800,73,74.0,66.0,72.0,73.0
2025-01-05,72,Greed,1736035200,72,73.0,70.0,73.0,73.0
2025-01-06,76,Extreme Greed,1736121600,76,72.0,74.0,65.0,70.0
2025-01-07,78,Extreme Greed,1736208000,78,76.0,73.0,64.0,73.0
2025-01-08,70,Greed,1736294400,70,78.0,72.0,66.0,73.0
2025-01-09,69,Greed,1736380800,69,70.0,76.0,70.0,79.0
2025-01-10,50,Neutral,1736467200,50,69.0,78.0,74.0,74.0
2025-01-11,69,Greed,1736553600,69,50.0,70.0,73.0,72.0
2025-01-12,62,Greed,1736640000,62,69.0,69.0,72.0,73.0
2025-01-13,61,Greed,1736726400,61,62.0,50.0,76.0,65.0
2025-01-14,63,Greed,1736812800,63,61.0,69.0,78.0,64.0
2025-01-15,70,Greed,1736899200,70,63.0,62.0,70.0,66.0
2025-01-16,75,Greed,1736985600,75,70.0,61.0,69.0,70.0
2025-01-17,75,Greed,1737072000,75,75.0,63.0,50.0,74.0
2025-01-18,77,Extreme Greed,1737158400,77,75.0,70.0,69.0,73.0
2025-01-19,77,Extreme Greed,1737244800,77,77.0,75.0,62.0,72.0
2025-01-20,76,Extreme Greed,1737331200,76,77.0,75.0,61.0,76.0
2025-01-21,76,Extreme Greed,1737417600,76,76.0,77.0,63.0,78.0
2025-01-22,84,Extreme Greed,1737504000,84,76.0,77.0,70.0,70.0
2025-01-23,75,Greed,1737590400,75,84.0,76.0,75.0,69.0
2025-01-24,75,Greed,1737676800,75,75.0,76.0,75.0,50.0
2025-01-25,75,Greed,1737763200,75,75.0,84.0,77.0,69.0
2025-01-26,73,Greed,1737849600,73,75.0,75.0,77.0,62.0
2025-01-27,71,Greed,1737936000,71,73.0,75.0,76.0,61.0
2025-01-28,72,Greed,1738022400,72,71.0,75.0,76.0,63.0
2025-01-29,72,Greed,1738108800,72,72.0,73.0,84.0,70.0
2025-01-30,70,Greed,1738195200,70,72.0,71.0,75.0,75.0
2025-01-31,76,Extreme Greed,1738281600,76,70.0,72.0,75.0,75.0
2025-02-01,68,Greed,1738368000,68,76.0,72.0,75.0,77.0
2025-02-02,60,Greed,1738454400,60,68.0,70.0,73.0,77.0
2025-02-03,44,Fear,1738540800,44,60.0,76.0,71.0,76.0
2025-02-04,72,Greed,1738627200,72,44.0,68.0,72.0,76.0
2025-02-05,54,Neutral,1738713600,54,72.0,60.0,72.0,84.0
2025-02-06,49,Neutral,1738800000,49,54.0,44.0,70.0,75.0
2025-02-07,44,Fear,1738886400,44,49.0,72.0,76.0,75.0
2025-02-08,44,Fear,1738972800,44,44.0,54.0,68.0,75.0
2025-02-09,46,Fear,1739059200,46,44.0,49.0,60.0,73.0
2025-02-10,43,Fear,1739145600,43,46.0,44.0,44.0,71.0
2025-02-11,47,Neutral,1739232000,47,43.0,44.0,72.0,72.0
2025-02-12,46,Fear,1739318400,46,47.0,46.0,54.0,72.0
2025-02-13,50,Neutral,1739404800,50,46.0,43.0,49.0,70.0
2025-02-14,48,Neutral,1739491200,48,50.0,47.0,44.0,76.0
2025-02-15,50,Neutral,1739577600,50,48.0,46.0,44.0,68.0
2025-02-16,54,Neutral,1739664000,54,50.0,50.0,46.0,60.0
2025-02-17,51,Neutral,1739750400,51,54.0,48.0,43.0,44.0
2025-02-18,47,Neutral,1739836800,47,51.0,50.0,47.0,72.0
2025-02-19,44,Fear,1739923200,44,47.0,54.0,46.0,54.0
2025-02-20,49,Neutral,1740009600,49,44.0,51.0,50.0,49.0
2025-02-21,55,Greed,1740096000,55,49.0,47.0,48.0,44.0
2025-02-22,49,Neutral,1740182400,49,55.0,44.0,50.0,44.0
2025-02-23,50,Neutral,1740268800,50,49.0,49.0,54.0,46.0
2025-02-24,49,Neutral,1740355200,49,50.0,55.0,51.0,43.0
2025-02-25,25,Extreme Fear,1740441600,25,49.0,49.0,47.0,47.0
2025-02-26,21,Extreme Fear,1740528000,21,25.0,50.0,44.0,46.0
2025-02-27,10,Extreme Fear,1740614400,10,21.0,49.0,49.0,50.0
2025-02-28,16,Extreme Fear,1740700800,16,10.0,25.0,55.0,48.0
2025-03-01,20,Extreme Fear,1740787200,20,16.0,21.0,49.0,50.0
2025-03-02,26,Fear,1740873600,26,20.0,10.0,50.0,54.0
2025-03-03,33,Fear,1740960000,33,26.0,16.0,49.0,51.0
2025-03-04,15,Extreme Fear,1741046400,15,33.0,20.0,25.0,47.0
2025-03-05,20,Extreme Fear,1741132800,20,15.0,26.0,21.0,44.0
2025-03-06,25,Extreme Fear,1741219200,25,20.0,33.0,10.0,49.0
2025-03-07,34,Fear,1741305600,34,25.0,15.0,16.0,55.0
2025-03-08,28,Fear,1741392000,28,34.0,20.0,20.0,49.0
2025-03-09,27,Fear,1741478400,27,28.0,25.0,26.0,50.0
2025-03-10,20,Extreme Fear,1741564800,20,27.0,34.0,33.0,49.0
2025-03-11,24,Extreme Fear,1741651200,24,20.0,28.0,15.0,25.0
2025-03-12,34,Fear,1741737600,34,24.0,27.0,20.0,21.0
2025-03-13,45,Fear,1741824000,45,34.0,20.0,25.0,10.0
2025-03-14,27,Fear,1741910400,27,45.0,24.0,34.0,16.0
2025-03-15,46,Fear,1741996800,46,27.0,34.0,28.0,20.0
2025-03-16,30,Fear,1742083200,30,46.0,45.0,27.0,26.0
2025-03-17,32,Fear,1742169600,32,30.0,27.0,20.0,33.0
2025-03-18,34,Fear,1742256000,34,32.0,46.0,24.0,15.0
2025-03-19,32,Fear,1742342400,32,34.0,30.0,34.0,20.0
2025-03-20,49,Neutral,1742428800,49,32.0,32.0,45.0,25.0
2025-03-21,31,Fear,1742515200,31,49.0,34.0,27.0,34.0
2025-03-22,32,Fear,1742601600,32,31.0,32.0,46.0,28.0
2025-03-23,30,Fear,1742688000,30,32.0,49.0,30.0,27.0
2025-03-24,45,Fear,1742774400,45,30.0,31.0,32.0,20.0
2025-03-25,46,Fear,1742860800,46,45.0,32.0,34.0,24.0
2025-03-26,47,Neutral,1742947200,47,46.0,30.0,32.0,34.0
2025-03-27,40,Fear,1743033600,40,47.0,45.0,49.0,45.0
2025-03-28,44,Fear,1743120000,44,40.0,46.0,31.0,27.0
2025-03-29,26,Fear,1743206400,26,44.0,47.0,32.0,46.0
2025-03-30,32,Fear,1743292800,32,26.0,40.0,30.0,30.0
2025-03-31,34,Fear,1743379200,34,32.0,44.0,45.0,32.0
2025-04-01,34,Fear,1743465600,34,34.0,26.0,46.0,34.0
2025-04-02,44,Fear,1743552000,44,34.0,32.0,47.0,32.0
2025-04-03,25,Extreme Fear,1743638400,25,44.0,34.0,40.0,49.0
2025-04-04,28,Fear,1743724800,28,25.0,34.0,44.0,31.0
2025-04-05,30,Fear,1743811200,30,28.0,44.0,26.0,32.0
2025-04-06,34,Fear,1743897600,34,30.0,25.0,32.0,30.0
2025-04-07,23,Extreme Fear,1743984000,23,34.0,28.0,34.0,45.0
2025-04-08,24,Extreme Fear,1744070400,24,23.0,30.0,34.0,46.0
2025-04-09,18,Extreme Fear,1744156800,18,24.0,34.0,44.0,47.0
2025-04-10,39,Fear,1744243200,39,18.0,23.0,25.0,40.0
2025-04-11,25,Extreme Fear,1744329600,25,39.0,24.0,28.0,44.0
2025-04-12,43,Fear,1744416000,43,25.0,18.0,30.0,26.0
2025-04-13,45,Fear,1744502400,45,43.0,39.0,34.0,32.0
2025-04-14,31,Fear,1744588800,31,45.0,25.0,23.0,34.0
2025-04-15,38,Fear,1744675200,38,31.0,43.0,24.0,34.0
2025-04-16,29,Fear,1744761600,29,38.0,45.0,18.0,44.0
2025-04-17,30,Fear,1744848000,30,29.0,31.0,39.0,25.0
2025-04-18,33,Fear,1744934400,33,30.0,38.0,25.0,28.0
2025-04-19,32,Fear,1745020800,32,33.0,29.0,43.0,30.0
2025-04-20,37,Fear,1745107200,37,32.0,30.0,45.0,34.0
2025-04-21,39,Fear,1745193600,39,37.0,33.0,31.0,23.0
2025-04-22,47,Neutral,1745280000,47,39.0,32.0,38.0,24.0
2025-04-23,72,Greed,1745366400,72,47.0,37.0,29.0,18.0
2025-04-24,63,Greed,1745452800,63,72.0,39.0,30.0,39.0
2025-04-25,60,Greed,1745539200,60,63.0,47.0,33.0,25.0
2025-04-26,65,Greed,1745625600,65,60.0,72.0,32.0,43.0
2025-04-27,61,Greed,1745712000,61,65.0,63.0,37.0,45.0
2025-04-28,54,Neutral,1745798400,54,61.0,60.0,39.0,31.0
2025-04-29,60,Greed,1745884800,60,54.0,65.0,47.0,38.0
2025-04-30,56,Greed,1745971200,56,60.0,61.0,72.0,29.0
2025-05-01,53,Neutral,1746057600,53,56.0,54.0,63.0,30.0
2025-05-02,67,Greed,1746144000,67,53.0,60.0,60.0,33.0
2025-05-03,65,Greed,1746230400,65,67.0,56.0,65.0,32.0
2025-05-04,64,Greed,1746316800,64,65.0,53.0,61.0,37.0
2025-05-05,52,Neutral,1746403200,52,64.0,67.0,54.0,39.0
2025-05-06,59,Greed,1746489600,59,52.0,65.0,60.0,47.0
2025-05-07,67,Greed,1746576000,67,59.0,64.0,56.0,72.0
2025-05-08,65,Greed,1746662400,65,67.0,52.0,53.0,63.0
2025-05-09,73,Greed,1746748800,73,65.0,59.0,67.0,60.0
2025-05-10,70,Greed,1746835200,70,73.0,67.0,65.0,65.0
2025-05-11,70,Greed,1746921600,70,70.0,65.0,64.0,61.0
2025-05-12,70,Greed,1747008000,70,70.0,73.0,52.0,54.0
2025-05-13,70,Greed,1747094400,70,70.0,70.0,59.0,60.0
2025-05-14,73,Greed,1747180800,73,70.0,70.0,67.0,56.0
2025-05-15,70,Greed,1747267200,70,73.0,70.0,65.0,53.0
2025-05-16,71,Greed,1747353600,71,70.0,70.0,73.0,67.0
2025-05-17,74,Greed,1747440000,74,71.0,73.0,70.0,65.0
2025-05-18,74,Greed,1747526400,74,74.0,70.0,70.0,64.0
2025-05-19,74,Greed,1747612800,74,74.0,71.0,70.0,52.0
2025-05-20,71,Greed,1747699200,71,74.0,74.0,70.0,59.0
2025-05-21,70,Greed,1747785600,70,71.0,74.0,73.0,67.0
2025-05-22,72,Greed,1747872000,72,70.0,74.0,70.0,65.0
2025-05-23,78,Extreme Greed,1747958400,78,72.0,71.0,71.0,73.0
2025-05-24,66,Greed,1748044800,66,78.0,70.0,74.0,70.0
2025-05-25,74,Greed,1748131200,74,66.0,72.0,74.0,70.0
2025-05-26,73,Greed,1748217600,73,74.0,78.0,74.0,70.0
2025-05-27,74,Greed,1748304000,74,73.0,66.0,71.0,70.0
2025-05-28,71,Greed,1748390400,71,74.0,74.0,70.0,73.0
2025-05-29,74,Greed,1748476800,74,71.0,73.0,72.0,70.0
2025-05-30,60,Greed,1748563200,60,74.0,74.0,78.0,71.0
2025-05-31,50,Neutral,1748649600,50,60.0,71.0,66.0,74.0
2025-06-01,56,Greed,1748736000,56,50.0,74.0,74.0,74.0
2025-06-02,64,Greed,1748822400,64,56.0,60.0,73.0,74.0
2025-06-03,64,Greed,1748908800,64,64.0,50.0,74.0,71.0
2025-06-04,62,Greed,1748995200,62,64.0,56.0,71.0,70.0
2025-06-05,57,Greed,1749081600,57,62.0,64.0,74.0,72.0
2025-06-06,45,Fear,1749168000,45,57.0,64.0,60.0,78.0
2025-06-07,52,Neutral,1749254400,52,45.0,62.0,50.0,66.0
2025-06-08,62,Greed,1749340800,62,52.0,57.0,56.0,74.0
2025-06-09,62,Greed,1749427200,62,62.0,45.0,64.0,73.0
2025-06-10,71,Greed,1749513600,71,62.0,52.0,64.0,74.0
2025-06-11,72,Greed,1749600000,72,71.0,62.0,62.0,71.0
2025-06-12,71,Greed,1749686400,71,72.0,62.0,57.0,74.0
2025-06-13,61,Greed,1749772800,61,71.0,71.0,45.0,60.0
2025-06-14,63,Greed,1749859200,63,61.0,72.0,52.0,50.0
2025-06-15,60,Greed,1749945600,60,63.0,71.0,62.0,56.0
2025-06-16,61,Greed,1750032000,61,60.0,61.0,62.0,64.0
2025-06-17,68,Greed,1750118400,68,61.0,63.0,71.0,64.0
2025-06-18,52,Neutral,1750204800,52,68.0,60.0,72.0,62.0
2025-06-19,57,Greed,1750291200,57,52.0,61.0,71.0,57.0
2025-06-20,54,Neutral,1750377600,54,57.0,68.0,61.0,45.0
2025-06-21,49,Neutral,1750464000,49,54.0,52.0,63.0,52.0
2025-06-22,42,Fear,1750550400,42,49.0,57.0,60.0,62.0
2025-06-23,47,Neutral,1750636800,47,42.0,54.0,61.0,62.0
2025-06-24,65,Greed,1750723200,65,47.0,49.0,68.0,71.0
2025-06-25,66,Greed,1750809600,66,65.0,42.0,52.0,72.0
2025-06-26,74,Greed,1750896000,74,66.0,47.0,57.0,71.0
2025-06-27,65,Greed,1750982400,65,74.0,65.0,54.0,61.0
2025-06-28,65,Greed,1751068800,65,65.0,66.0,49.0,63.0
2025-06-29,68,Greed,1751155200,68,65.0,74.0,42.0,60.0
2025-06-30,66,Greed,1751241600,66,68.0,65.0,47.0,61.0
2025-07-01,64,Greed,1751328000,64,66.0,65.0,65.0,68.0
2025-07-02,63,Greed,1751414400,63,64.0,68.0,66.0,52.0
2025-07-03,73,Greed,1751500800,73,63.0,66.0,74.0,57.0
2025-07-04,73,Greed,1751587200,73,73.0,64.0,65.0,54.0
2025-07-05,67,Greed,1751673600,67,73.0,63.0,65.0,49.0
2025-07-06,66,Greed,1751760000,66,67.0,73.0,68.0,42.0
2025-07-07,73,Greed,1751846400,73,66.0,73.0,66.0,47.0
2025-07-08,65,Greed,1751932800,65,73.0,67.0,64.0,65.0
2025-07-09,66,Greed,1752019200,66,65.0,66.0,63.0,66.0
2025-07-10,71,Greed,1752105600,71,66.0,73.0,73.0,74.0
2025-07-11,71,Greed,1752192000,71,71.0,65.0,73.0,65.0
2025-07-12,79,Extreme Greed,1752278400,79,71.0,66.0,67.0,65.0
2025-07-13,74,Greed,1752364800,74,79.0,71.0,66.0,68.0
2025-07-14,74,Greed,1752451200,74,74.0,71.0,73.0,66.0
2025-07-15,73,Greed,1752537600,73,74.0,79.0,65.0,64.0
2025-07-16,70,Greed,1752624000,70,73.0,74.0,66.0,63.0
2025-07-17,74,Greed,1752710400,74,70.0,74.0,71.0,73.0
2025-07-18,73,Greed,1752796800,73,74.0,73.0,71.0,73.0
2025-07-19,74,Greed,1752883200,74,73.0,70.0,79.0,67.0
2025-07-20,72,Greed,1752969600,72,74.0,74.0,74.0,66.0
2025-07-21,71,Greed,1753056000,71,72.0,73.0,74.0,73.0
2025-07-22,72,Greed,1753142400,72,71.0,74.0,73.0,65.0
2025-07-23,74,Greed,1753228800,74,72.0,72.0,70.0,66.0
2025-07-24,71,Greed,1753315200,71,74.0,71.0,74.0,71.0
2025-07-25,70,Greed,1753401600,70,71.0,72.0,73.0,71.0
2025-07-26,72,Greed,1753488000,72,70.0,74.0,74.0,79.0
2025-07-27,73,Greed,1753574400,73,72.0,71.0,72.0,74.0
2025-07-28,75,Greed,1753660800,75,73.0,70.0,71.0,74.0
2025-07-29,73,Greed,1753747200,73,75.0,72.0,72.0,73.0
2025-07-30,74,Greed,1753833600,74,73.0,73.0,74.0,70.0
2025-07-31,72,Greed,1753920000,72,74.0,75.0,71.0,74.0
2025-08-01,65,Greed,1754006400,65,72.0,73.0,70.0,73.0
2025-08-02,55,Greed,1754092800,55,65.0,74.0,72.0,74.0
2025-08-03,53,Neutral,1754179200,53,55.0,72.0,73.0,72.0
2025-08-04,64,Greed,1754265600,64,53.0,65.0,75.0,71.0
2025-08-05,60,Greed,1754352000,60,64.0,55.0,73.0,72.0
2025-08-06,54,Neutral,1754438400,54,60.0,53.0,74.0,74.0
2025-08-07,62,Greed,1754524800,62,54.0,64.0,72.0,71.0
2025-08-08,74,Greed,1754611200,74,62.0,60.0,65.0,70.0
2025-08-09,67,Greed,1754697600,67,74.0,54.0,55.0,72.0
2025-08-10,69,Greed,1754784000,69,67.0,62.0,53.0,73.0
2025-08-11,70,Greed,1754870400,70,69.0,74.0,64.0,75.0
2025-08-12,68,Greed,1754956800,68,70.0,67.0,60.0,73.0
2025-08-13,73,Greed,1755043200,73,68.0,69.0,54.0,74.0
2025-08-14,75,Greed,1755129600,75,73.0,70.0,62.0,72.0
2025-08-15,60,Greed,1755216000,60,75.0,68.0,74.0,65.0
2025-08-16,56,Greed,1755302400,56,60.0,73.0,67.0,55.0
2025-08-17,64,Greed,1755388800,64,56.0,75.0,69.0,53.0
2025-08-18,60,Greed,1755475200,60,64.0,60.0,70.0,64.0
2025-08-19,56,Greed,1755561600,56,60.0,56.0,68.0,60.0
2025-08-20,44,Fear,1755648000,44,56.0,64.0,73.0,54.0
2025-08-21,50,Neutral,1755734400,50,44.0,60.0,75.0,62.0
2025-08-22,50,Neutral,1755820800,50,50.0,56.0,60.0,74.0
2025-08-23,60,Greed,1755907200,60,50.0,44.0,56.0,67.0
2025-08-24,53,Neutral,1755993600,53,60.0,50.0,64.0,69.0
2025-08-25,47,Neutral,1756080000,47,53.0,50.0,60.0,70.0
2025-08-26,48,Neutral,1756166400,48,47.0,60.0,56.0,68.0
2025-08-27,51,Neutral,1756252800,51,48.0,53.0,44.0,73.0
2025-08-28,48,Neutral,1756339200,48,51.0,47.0,50.0,75.0
2025-08-29,50,Neutral,1756425600,50,48.0,48.0,50.0,60.0
2025-08-30,39,Fear,1756512000,39,50.0,51.0,60.0,56.0
2025-08-31,48,Neutral,1756598400,48,39.0,48.0,53.0,64.0
2025-09-01,46,Fear,1756684800,46,48.0,50.0,47.0,60.0
2025-09-02,49,Neutral,1756771200,49,46.0,39.0,48.0,56.0
2025-09-03,55,Greed,1756857600,55,49.0,48.0,51.0,44.0
2025-09-04,51,Neutral,1756944000,51,55.0,46.0,48.0,50.0
2025-09-05,48,Neutral,1757030400,48,51.0,49.0,50.0,50.0
2025-09-06,48,Neutral,1757116800,48,48.0,55.0,39.0,60.0
2025-09-07,44,Fear,1757203200,44,48.0,51.0,48.0,53.0
2025-09-08,51,Neutral,1757289600,51,44.0,48.0,46.0,47.0
2025-09-09,48,Neutral,1757376000,48,51.0,48.0,49.0,48.0
2025-09-10,49,Neutral,1757462400,49,48.0,44.0,55.0,51.0
2025-09-11,54,Neutral,1757548800,54,49.0,51.0,51.0,48.0
2025-09-12,57,Greed,1757635200,57,54.0,48.0,48.0,50.0
2025-09-13,52,Neutral,1757721600,52,57.0,49.0,48.0,39.0
2025-09-14,55,Greed,1757808000,55,52.0,54.0,44.0,48.0
2025-09-15,53,Neutral,1757894400,53,55.0,57.0,51.0,46.0
2025-09-16,52,Neutral,1757980800,52,53.0,52.0,48.0,49.0
2025-09-17,53,Neutral,1758067200,53,52.0,55.0,49.0,55.0
2025-09-18,52,Neutral,1758153600,52,53.0,53.0,54.0,51.0
2025-09-19,53,Neutral,1758240000,53,52.0,52.0,57.0,48.0
2025-09-20,48,Neutral,1758326400,48,53.0,53.0,52.0,48.0
2025-09-21,49,Neutral,1758412800,49,48.0,52.0,55.0,44.0
2025-09-22,45,Fear,1758499200,45,49.0,53.0,53.0,51.0
2025-09-23,43,Fear,1758585600,43,45.0,48.0,52.0,48.0
2025-09-24,44,Fear,1758672000,44,43.0,49.0,53.0,49.0
2025-09-25,44,Fear,1758758400,44,44.0,45.0,52.0,54.0
2025-09-26,28,Fear,1758844800,28,44.0,43.0,53.0,57.0
2025-09-27,33,Fear,1758931200,33,28.0,44.0,48.0,52.0
2025-09-28,37,Fear,1759017600,37,33.0,44.0,49.0,55.0
2025-09-29,50,Neutral,1759104000,50,37.0,28.0,45.0,53.0
2025-09-30,50,Neutral,1759190400,50,50.0,33.0,43.0,52.0
2025-10-01,49,Neutral,1759276800,49,50.0,37.0,44.0,53.0
2025-10-02,64,Greed,1759363200,64,49.0,50.0,44.0,52.0
2025-10-03,63,Greed,1759449600,63,64.0,50.0,28.0,53.0
2025-10-04,71,Greed,1759536000,71,63.0,49.0,33.0,48.0
2025-10-05,74,Greed,1759622400,74,71.0,64.0,37.0,49.0
2025-10-06,71,Greed,1759708800,71,74.0,63.0,50.0,45.0
2025-10-07,70,Greed,1759795200,70,71.0,71.0,50.0,43.0
2025-10-08,60,Greed,1759881600,60,70.0,74.0,49.0,44.0
2025-10-09,70,Greed,1759968000,70,60.0,71.0,64.0,44.0
2025-10-10,64,Greed,1760054400,64,70.0,70.0,63.0,28.0
2025-10-11,27,Fear,1760140800,27,64.0,60.0,71.0,33.0
2025-10-12,24,Extreme Fear,1760227200,24,27.0,70.0,74.0,37.0
2025-10-13,38,Fear,1760313600,38,24.0,64.0,71.0,50.0
2025-10-14,38,Fear,1760400000,38,38.0,27.0,70.0,50.0
2025-10-15,34,Fear,1760486400,34,38.0,24.0,60.0,49.0
2025-10-16,28,Fear,1760572800,28,34.0,38.0,70.0,64.0
2025-10-17,22,Extreme Fear,1760659200,22,28.0,38.0,64.0,63.0
2025-10-18,23,Extreme Fear,1760745600,23,22.0,34.0,27.0,71.0
2025-10-19,29,Fear,1760832000,29,23.0,28.0,24.0,74.0
2025-10-20,29,Fear,1760918400,29,29.0,22.0,38.0,71.0
2025-10-21,34,Fear,1761004800,34,29.0,23.0,38.0,70.0
2025-10-22,25,Extreme Fear,1761091200,25,34.0,29.0,34.0,60.0
2025-10-23,27,Fear,1761177600,27,25.0,29.0,28.0,70.0
2025-10-24,30,Fear,1761264000,30,27.0,34.0,22.0,64.0
2025-10-25,37,Fear,1761350400,37,30.0,25.0,23.0,27.0
2025-10-26,40,Fear,1761436800,40,37.0,27.0,29.0,24.0
2025-10-27,51,Neutral,1761523200,51,40.0,30.0,29.0,38.0
2025-10-28,50,Neutral,1761609600,50,51.0,37.0,34.0,38.0
2025-10-29,51,Neutral,1761696000,51,50.0,40.0,25.0,34.0
2025-10-30,34,Fear,1761782400,34,51.0,51.0,27.0,28.0
2025-10-31,29,Fear,1761868800,29,34.0,50.0,30.0,22.0
2025-11-01,33,Fear,1761955200,33,29.0,51.0,37.0,23.0
2025-11-02,37,Fear,1762041600,37,33.0,34.0,40.0,29.0
2025-11-03,42,Fear,1762128000,42,37.0,29.0,51.0,29.0
2025-11-04,21,Extreme Fear,1762214400,21,42.0,33.0,50.0,34.0
2025-11-05,23,Extreme Fear,1762300800,23,21.0,37.0,51.0,25.0
2025-11-06,27,Fear,1762387200,27,23.0,42.0,34.0,27.0
2025-11-07,24,Extreme Fear,1762473600,24,27.0,21.0,29.0,30.0
2025-11-08,20,Extreme Fear,1762560000,20,24.0,23.0,33.0,37.0
2025-11-09,22,Extreme Fear,1762646400,22,20.0,27.0,37.0,40.0
2025-11-10,29,Fear,1762732800,29,22.0,24.0,42.0,51.0
2025-11-11,26,Fear,1762819200,26,29.0,20.0,21.0,50.0
2025-11-12,24,Extreme Fear,1762905600,24,26.0,22.0,23.0,51.0
2025-11-13,15,Extreme Fear,1762992000,15,24.0,29.0,27.0,34.0
2025-11-14,16,Extreme Fear,1763078400,16,15.0,26.0,24.0,29.0
2025-11-15,10,Extreme Fear,1763164800,10,16.0,24.0,20.0,33.0
2025-11-16,10,Extreme Fear,1763251200,10,10.0,15.0,22.0,37.0
2025-11-17,14,Extreme Fear,1763337600,14,10.0,16.0,29.0,42.0
2025-11-18,11,Extreme Fear,1763424000,11,14.0,10.0,26.0,21.0
2025-11-19,15,Extreme Fear,1763510400,15,11.0,10.0,24.0,23.0
2025-11-20,11,Extreme Fear,1763596800,11,15.0,14.0,15.0,27.0
2025-11-21,14,Extreme Fear,1763683200,14,11.0,11.0,16.0,24.0
2025-11-22,11,Extreme Fear,1763769600,11,14.0,15.0,10.0,20.0
2025-11-23,13,Extreme Fear,1763856000,13,11.0,11.0,10.0,22.0
2025-11-24,19,Extreme Fear,1763942400,19,13.0,14.0,14.0,29.0
2025-11-25,20,Extreme Fear,1764028800,20,19.0,11.0,11.0,26.0
2025-11-26,15,Extreme Fear,1764115200,15,20.0,13.0,15.0,24.0
2025-11-27,22,Extreme Fear,1764201600,22,15.0,19.0,11.0,15.0
2025-11-28,25,Extreme Fear,1764288000,25,22.0,20.0,14.0,16.0
2025-11-29,28,Fear,1764374400,28,25.0,15.0,11.0,10.0
2025-11-30,28,Fear,1764460800,28,28.0,22.0,13.0,10.0
2025-12-01,24,Extreme Fear,1764547200,24,28.0,25.0,19.0,14.0
2025-12-02,23,Extreme Fear,1764633600,23,24.0,28.0,20.0,11.0
2025-12-03,28,Fear,1764720000,28,23.0,28.0,15.0,15.0
2025-12-04,26,Fear,1764806400,26,28.0,24.0,22.0,11.0
2025-12-05,28,Fear,1764892800,28,26.0,23.0,25.0,14.0
2025-12-06,23,Extreme Fear,1764979200,23,28.0,28.0,28.0,11.0
2025-12-07,20,Extreme Fear,1765065600,20,23.0,26.0,28.0,13.0
2025-12-08,20,Extreme Fear,1765152000,20,20.0,28.0,24.0,19.0
2025-12-09,22,Extreme Fear,1765238400,22,20.0,23.0,23.0,20.0
2025-12-10,26,Fear,1765324800,26,22.0,20.0,28.0,15.0
2025-12-11,29,Fear,1765411200,29,26.0,20.0,26.0,22.0
2025-12-12,29,Fear,1765497600,29,29.0,22.0,28.0,25.0
2025-12-13,23,Extreme Fear,1765584000,23,29.0,26.0,23.0,28.0
2025-12-14,21,Extreme Fear,1765670400,21,23.0,29.0,20.0,28.0
2025-12-15,16,Extreme Fear,1765756800,16,21.0,29.0,20.0,24.0
2025-12-16,11,Extreme Fear,1765843200,11,16.0,23.0,22.0,23.0
2025-12-17,16,Extreme Fear,1765929600,16,11.0,21.0,26.0,28.0
2025-12-18,17,Extreme Fear,1766016000,17,16.0,16.0,29.0,26.0
2025-12-19,16,Extreme Fear,1766102400,16,17.0,11.0,29.0,28.0
2025-12-20,20,Extreme Fear,1766188800,20,16.0,16.0,23.0,23.0
